user1@valami.com,user1,nincs,User,Egy,f
user2@valami.com,user2,nincs,David,Davidson,n
user3@valami.com,user3,nincs,David,Davidson,f
user4@valami.com,user4,nincs,,,f
user5@valami.com,user5,nincs,Fuck,Shit,n
user6@valami.com,user6,nincs,No,Name,f
user7@valami.com,user7,nincs,Nemo,Nobody,f
user8@valami.com,user8,nincs,Nincs,Nevem,f
user9@valami.com,user9,nincs,Aas,ijij,f
user10@valami.com,user10,nincs,Nincs,Nincs,f
user11@valami.com,user11,nincs,Nincs,Nincs,f
user12@valami.com,user12,nincs12,No,Name,f
user13@valami.com,user13,nincs13,,,f
user14@gmail.com,user14,nincs14,,,f
user15@valami.com,user15,nincs15,,,f
kaki@kaki.kaki,kaki,kaki1234,kaki,kaki,f
satan@hell.com,satan,nincs666,"Ş̛̛̦͓̹̲̲̭͇̮͖̫̫̱͕̱̭̹̬̟͐̀̏̍ͪ̏͋͒͛̎͛ͤ͒ͬ̈̉ͨͣ̑̀A͎͚̖̺̗͇͕̰͔̰̺̤̋͗̈̿͗ͦͭ̈̎̓͆̒͢͡͠͡T̸̡̰̠̞̝̞̦͉̻̗͙͇̟̫̠ͥͩͯ̌̋͑ͩ́̚͘A̧̛̖̬͎̝̗͕͚̘̥̘̦̤̳ͭ͐̎̀N̨̘̰̥̦̪̣̪͚̗̭̯͎͔͔̫̖͍ͣ͒̅͛ͭ̑̾̒̒͐ͮ͜ ̡̖̼͔̞̟̤̳̱̖̣̻̖͖̤̼̝̇ͦ̓͂̔̕ͅͅ","S͉͙̬͍̞̲̙̞͖̪͈͇̰̲̯̮ͫ̓ͯ͐̀̑Ã̠͉͖̼̝̬̼̮̥͖̬̭͚̉ͣ͒͂̓̊͋̀ͪ̊͑ͬ͗̉̄̿͒T̳̪̹̯̩̗̥̆ͯ̉ͨ̅̂Ḁ̗̣̱̳̯̱̺̫̮͎͇̮͓̩̪̺̫ͯ̈́̃̒̀ͣͨ̍̔̒̿̊ͪ̒ͭN̲̥̞̮͉͈̠͔ͫ̃̏ͭ́̅̒ͩ̀̉̈̒ ͔̬͉͙͕̾͌ͭ̌̋̂ͭ̃ͦ̈́",f
